name,year,quarter,published,market
NOBLE,2022,4,"Wed, 22 Feb 2023 21:00:19 +0700",sSET
EASTW,2022,4,"Wed, 22 Feb 2023 20:30:57 +0700",SETTHSI
TFG,2022,4,"Wed, 22 Feb 2023 19:33:08 +0700",SET
ASIAN,2022,4,"Wed, 22 Feb 2023 19:31:04 +0700",sSET / SETTHSI
BDMS,2022,4,"Wed, 22 Feb 2023 19:25:53 +0700",SET50 / SETCLMV / SETTHSI / SETWB
KTB,2022,4,"Wed, 22 Feb 2023 19:01:48 +0700",SET50 / SETHD / SETTHSI
LIT,2022,4,"Wed, 22 Feb 2023 18:33:05 +0700",mai
BEM,2022,4,"Wed, 22 Feb 2023 18:17:25 +0700",SET50 / SETTHSI / SETWB
OSP,2022,4,"Wed, 22 Feb 2023 18:11:39 +0700",SET50 / SETCLMV / SETHD / SETTHSI / SETWB
BJC,2022,4,"Wed, 22 Feb 2023 17:31:21 +0700",SETCLMV / SETTHSI / SETWB
BLA,2022,4,"Wed, 22 Feb 2023 17:29:46 +0700",SET50 / SETTHSI
HFT,2022,4,"Wed, 22 Feb 2023 17:12:34 +0700",sSET
VNG,2022,4,"Wed, 22 Feb 2023 08:04:59 +0700",sSET / SETCLMV
III,2022,4,"Wed, 22 Feb 2023 07:16:51 +0700",sSET
HMPRO,2022,4,"Wed, 22 Feb 2023 07:01:19 +0700",SET50 / SETTHSI / SETWB
WICE,2022,4,"Wed, 22 Feb 2023 06:51:34 +0700",sSET
