name,year,quarter,published
TRUE,2022,4,"Wed, 01 Mar 2023 17:54:31 +0700"
TH,2022,4,"Wed, 01 Mar 2023 12:36:22 +0700"
PK,2022,4,"Wed, 01 Mar 2023 12:30:42 +0700"
APCS,2022,4,"Wed, 01 Mar 2023 08:55:48 +0700"
TCOAT,2022,4,"Wed, 01 Mar 2023 08:45:12 +0700"
IFEC,2022,4,"Wed, 01 Mar 2023 08:34:29 +0700"
JCK,2022,4,"Wed, 01 Mar 2023 08:28:13 +0700"
CRANE,2022,4,"Wed, 01 Mar 2023 08:27:58 +0700"
THL,2022,4,"Wed, 01 Mar 2023 08:27:40 +0700"
PRO,2022,4,"Wed, 01 Mar 2023 08:23:15 +0700"
JKN,2022,4,"Wed, 01 Mar 2023 08:19:06 +0700"
STECH,2022,4,"Wed, 01 Mar 2023 08:17:18 +0700"
KOOL,2022,4,"Wed, 01 Mar 2023 08:08:38 +0700"
HUMAN,2022,4,"Wed, 01 Mar 2023 08:08:27 +0700"
TRITN,2022,4,"Wed, 01 Mar 2023 08:07:26 +0700"
WAVE,2022,4,"Wed, 01 Mar 2023 08:07:06 +0700"
BR,2022,4,"Wed, 01 Mar 2023 08:03:02 +0700"
GLOCON,2022,4,"Wed, 01 Mar 2023 08:02:31 +0700"
ACC,2022,4,"Wed, 01 Mar 2023 07:45:25 +0700"
DIMET,2022,4,"Wed, 01 Mar 2023 07:38:18 +0700"
BYD,2022,4,"Wed, 01 Mar 2023 07:31:19 +0700"
JCKH,2022,4,"Wed, 01 Mar 2023 07:28:54 +0700"
JCT,2022,4,"Wed, 01 Mar 2023 07:07:12 +0700"
BCH,2022,4,"Wed, 01 Mar 2023 06:59:50 +0700"
HYDRO,2022,4,"Wed, 01 Mar 2023 06:36:36 +0700"
TNPC,2022,4,"Wed, 01 Mar 2023 06:35:50 +0700"
NUSA,2022,4,"Wed, 01 Mar 2023 06:35:04 +0700"
PPPM,2022,4,"Wed, 01 Mar 2023 06:33:08 +0700"
